{"cameraMode":{"drawMode":0,"name":"Shaded","section":"Shading Mode"},"sceneLighting":false,"audioPlay":false,"sceneViewState":{"m_AlwaysRefresh":false,"showFog":true,"showSkybox":false,"showFlares":true,"showImageEffects":true,"showParticleSystems":true,"showVisualEffectGraphs":true,"m_FxEnabled":true},"in2DMode":false,"pivot":{"x":579.2132568359375,"y":269.861572265625,"z":350.5285949707031},"rotation":{"x":-0.010202513076364994,"y":-0.0009968045633286238,"z":0.0008855194319039583,"w":-0.9999897480010986},"size":898.5404052734375,"orthographic":false}