{"cameraMode":{"drawMode":0,"name":"Shaded","section":"Shading Mode"},"sceneLighting":true,"audioPlay":false,"sceneViewState":{"m_AlwaysRefresh":false,"showFog":true,"showSkybox":false,"showFlares":true,"showImageEffects":true,"showParticleSystems":true,"showVisualEffectGraphs":true,"m_FxEnabled":true},"in2DMode":false,"pivot":{"x":7.74188756942749,"y":-0.39191317558288576,"z":3.1362552642822267},"rotation":{"x":0.026875894516706468,"y":-0.6946545839309692,"z":0.026587288826704027,"w":0.719023585319519},"size":2.7332794666290285,"orthographic":false}